№,ФОТО,ID авто,Марка авто,Игровое название,Магазин по маджестику,Магазин по серверу,,Ссылка на фото
1,,amgone,"Mercedes-AMG
Project One",Benefactor-ASG P-One,Магазин,магазин премиум,,https://cdn.majestic-files.com/public/master/static/img/vehicles/amgone.png
2,,imola,Pagani Imola,Pegassi Emola,Магазин,магазин премиум,,https://cdn.majestic-files.com/public/master/static/img/vehicles/imola.png
3,,918s,Porsche 918 Spyder,Pfister 819 Spyder,Магазин,магазин премиум,,https://cdn.majestic-files.com/public/master/static/img/vehicles/918s.png
4,,jesko20,Koenigsegg Jesko,Entity Gesko,Магазин,магазин премиум,,https://cdn.majestic-files.com/public/master/static/img/vehicles/jesko20.png
5,,720s,McLaren 720S,Progen 720c,Магазин,магазин премиум,,https://cdn.majestic-files.com/public/master/static/img/vehicles/720s.png
6,,rrphantom,"Rolls-Royce
Phantom VIII",Enus Phantasm VIII,Магазин,магазин премиум,,https://cdn.majestic-files.com/public/master/static/img/vehicles/rrphantom.png
7,,gemera,"Koenigsegg
Gemera",Entity Gemera,Магазин,магазин премиум,,https://cdn.majestic-files.com/public/master/static/img/vehicles/gemera.png
8,,countach,"Lamborghini
Countach",Pegassi Coutron,Магазин,магазин премиум,,https://cdn.majestic-files.com/public/master/static/img/vehicles/countach.png
9,,ff12,"Ferrari F12
Berlinetta",Grotti F21 Verleeneta,Магазин,магазин премиум,,https://cdn.majestic-files.com/public/master/static/img/vehicles/ff12.png
10,,veyron,Bugatti Veyron,Truffade Weyron,Магазин,магазин премиум,,https://cdn.majestic-files.com/public/master/static/img/vehicles/veyron.png
11,,q8,Audi Q8,Obey 08,Магазин,магазин премиум,,https://cdn.majestic-files.com/public/master/static/img/vehicles/q8.png
12,,488pista,Ferrari 488 Pista,Grotti 884 Pizta,Магазин,магазин премиум,,https://cdn.majestic-files.com/public/master/static/img/vehicles/488pista.png
13,,m7g70,BMW 7-series G70,Ubermacht 7-line J70,Магазин,магазин премиум,,https://cdn.majestic-files.com/public/master/static/img/vehicles/m7g70.png
14,,sclass3,"Mercedes-Benz 
S-Class W223","Benefactor S-Series 
M223",Магазин,магазин премиум,,https://cdn.majestic-files.com/public/master/static/img/vehicles/sclass3.png
15,,etron,Aidi E-tron,Obey I-tron GS,Магазин,магазин премиум,,https://cdn.majestic-files.com/public/master/static/img/vehicles/etron2.png
16,,vulcan,"Aston Martin 
Vulcan",Dewbauchee Vulcore,Магазин,магазин премиум,,https://cdn.majestic-files.com/public/master/static/img/vehicles/vulcan.png
17,,reventon,"Lamborghini
Reventon",Pegassi Eventora,Магазин,магазин премиум,,https://cdn.majestic-files.com/public/master/static/img/vehicles/reventon.png
18,,taycan,Porsche Taycan,Pfister Teycan,Магазин,магазин премиум,,https://cdn.majestic-files.com/public/master/static/img/vehicles/taycan.png
19,,eclass3,"Mercedes-Benz 
E-Class W214","Benefactor E-Series
M214",Магазин,магазин премиум,,https://cdn.majestic-files.com/public/master/static/img/vehicles/eclass3.png
20,,5series,BMW 5-seires G60,Ubermacht 5-line J60,Магазин,магазин премиум,,https://cdn.majestic-files.com/public/master/static/img/vehicles/5series.png
21,,x6m2,"BMW
X6 M 2021",Ubermacht Y6 W H96,Магазин,магазин премиум,,https://cdn.majestic-files.com/public/master/static/img/vehicles/x6m2.png
22,,models,Tesla Model S,Coil Line S,Магазин,магазин премиум,,https://cdn.majestic-files.com/public/master/static/img/vehicles/models.png
23,,gt63s,"Mercedes-AMG
GT 63 S","Benefactor ASG GS
4-door",Магазин,магазин премиум,,https://cdn.majestic-files.com/public/master/static/img/vehicles/gt63s.png
24,,f150,Ford F150 Raptor,Vapid P-150 Predator,Магазин,магазин премиум,,https://cdn.majestic-files.com/public/master/static/img/vehicles/f150.png
25,,rs72,Aurdi RS7 C8,Obey PS7 S8,Магазин,магазин премиум,,https://cdn.majestic-files.com/public/master/static/img/vehicles/rs72.png
26,,bmwx7,BMW X7,Ubermacht Y7,Магазин,магазин премиум,,https://cdn.majestic-files.com/public/master/static/img/vehicles/bmwx7.png
27,,63gls,"Mercedes-Benz
GLS 1",Benefactor JLS Y167,Магазин,магазин премиум,,https://cdn.majestic-files.com/public/master/static/img/vehicles/63gls2.png
28,,cayen19,"Porsche
Cayenne Turbo ",Pfister Rayenne,Магазин,магазин премиум,,https://cdn.majestic-files.com/public/master/static/img/vehicles/cayen19.png
29,,viper,Dodge Viper SRT,Bravado Wiper SPT,Магазин,магазин премиум,,https://cdn.majestic-files.com/public/master/static/img/vehicles/viper.png
30,,bmwm7,BMW M760Li,Ubermacht N760Li,Магазин,магазин премиум,,https://cdn.majestic-files.com/public/master/static/img/vehicles/bmwm7.png
31,,s63w222,"Mercedes-Benz 
W222","Benefactor S-Series 
M222",Магазин,магазин премиум,,https://cdn.majestic-files.com/public/master/static/img/vehicles/s63w222.png
32,,xes,jaguar XE-S,Ocelot EX-S,Магазин,магазин премиум,,
33,,ftype ,jaguar F-Type R,Ocelot F-Model R Coupe,Магазин,магазин премиум,,
34,,gle63,"Mercedes-AMG
GLE 63","Benefactor-ASG 
JLE S292",Магазин,магазин премиум,,
35,,x6m,BMW X6 M F86,Ubermacht Y6 W H86,Магазин,магазин премиум,,
36,,r820,Audi r8 2019,Obey P8,Магазин,магазин премиум,,
37,,g55,"Mercedes-AMG
G55","Benefactor ASG E-series
M463",Магазин,магазин премиум,,
38,,m850,BMW M850,Ubermacht 8-line,Магазин,магазин премиум,,
39,,nsx,Honda NSX,Dinka NSY ,Магазин,магазин премиум,,
40,,rs5 ,Audi RS5 Coupe,Obey PS5 ,Магазин,магазин премиум,,
41,,m4comp,"BMW M4 
Competition","Ubermacht W4
j82 Contention",Магазин,магазин премиум,,
42,,jgc,"Jeep Grand 
Cherokee",Canis Great Cherokee,Магазин,магазин премиум,,
43,,tt,Audi TT S8,Obey DD,Магазин,магазин премиум,,
44,,z4b,BMW Z4 Roadster,"Ubermacht 
S4 N40i",Магазин,магазин премиум,,
45,,x5g05,BMW X5 2020,"Ubermacht 
Y5 J05",Магазин,магазин премиум,,
46,,lc300,"Toyota
Land Cruiser 300","Karin Grand 
Cruiser 300",Магазин,магазин премиум,,
47,,rs6,Audi RS 6 C8,Obey PS6,Магазин,магазин премиум,,
48,,gle2,"Mercedes-AMG
GLE V166",Benefactor JLE B167,Магазин,магазин премиум,,
49,,macan,Porsche Macan,Pfister Mascan,Магазин,магазин премиум,,
50,,i8,BMW i8,Ubermacht i8,Магазин,магазин премиум,,
51,,corvett08,"Chevrolet 
Corvette ZR1","Declasse 
Covetto S7",Магазин,магазин премиум,,
52,,ast,"Aston Martin 
Vanquish",Dewbauchee Wanquish,Магазин,магазин премиум,,
53,,skyline,"Nissan Skyline 
GT-R R34 ",Annis GS-R M34,Магазин,магазин премиум,,
54,,modelx,Tesla Model X,Coil Line X,Магазин,магазин премиум,,
55,,cesc21,"Cadillac Escalade
IV ESV",Cavalcade Excalibur,Магазин,магазин премиум,,
56,,gsx1000,Suzuki GSX-R 1000,Shitzu CSX-R 1000,Магазин,магазин премиум,,
57,,charger20,Dodge Charger SRT,Bravado Changer ,Магазин,магазин премиум,,
58,,fx50s,lnfinity FX 50S,Fathom XF50 S,Магазин,магазин премиум,,
59,,lex570,Lexus LX 570,Emperor MX 570,Магазин,магазин премиум,,
60,,rrab,"Range Rover SV
Autobiography",Gallivanter AB L405,Магазин,магазин премиум,,
61,,evo10,"Mitsubishi 
Lancer Evo X","Maibatsu Lance
Revolution X",Магазин,магазин премиум,,
62,,rs7,Audi RS7 Quattro,Obey PS7 ,Магазин,магазин премиум,,
63,,x5me70,BMW X5 M (E70),Ubermacht Y5 W A70,Магазин,магазин премиум,,
64,,lc200,"Toyota Land 
Cruiser 200","Karin Grand 
Cruiser 200",Магазин,магазин премиум,,
65,,camaro21,"Chevrolet  Camaro
 ZL1",Declasse Gamaro 1TL,Магазин,магазин премиум,,
66,,2020mustang,Ford Mustang VI,Vapid Stud GS,Магазин,магазин премиум,,
67,,bmwg20,BMW 3 G20,Ubermacht 3-line J20,Магазин,магазин премиум,,
68,,kiastinger,KIA Stinger,Bollokan Runner,Магазин,магазин премиум,,
69,,m5e60,BMW M5 E60,Ubermacht W5 A60,Магазин,магазин премиум,,
70,,evo9,"Mitsubishi 
Lancer Evo IX","Maibatsu Lance
Revolution IX",Магазин,магазин премиум,,
71,,tahoe2,Chevrolet Tahoe IV,Declasse Takho,Магазин,магазин премиум,,
72,,touareg,"Volkswagen
Touareg III",BF Twareg,Магазин,магазин премиум,,
73,,supragr,Toyota Supra GR,Karin Superia GS,Магазин,магазин премиум,,
74,,rx7,Mazda RX7,Annis PX-7,Магазин,магазин премиум,,
75,,370z,Nissan 370Z,Annis 370X,Магазин,магазин премиум,,
76,,a80,Toyota Supra A80,Karin Superia,Магазин,магазин премиум,,
77,,s15,Nissan Silvia S15,Annis Slivia,Магазин,магазин премиум,,
78,,mark2,Toyota Mark II 100,Karin Marco,Магазин,магазин премиум,,
79,,aclass,"Mercedes-Benz 
A-Class V177","Benefactor A-Series
P177",Магазин,магазин премиум,,
80,,mustang2,Ford Mustang 69,Vapid Steed,Магазин,магазин премиум,,
81,,accord,Honda Accord,Dinka Paccord,Магазин,магазин премиум,,
82,,camry70,"Toyota Camry70
2018",Karin Camria XW70,Магазин,магазин премиум,,
83,,16challenger,Dodge Challenger,Bravado Contender,Магазин,магазин премиум,,
84,,camaro2,Chevrolet Camaro II,"Declsse Gamaro
",Магазин,магазин премиум,,
85,,subwrx,"Subaru Impreza
WRX II",Karin Imperia MRX,Магазин,магазин премиум,,
86,,touareg2,"Volkswagen
Touareg II",BF Twareg S50,Магазин,магазин премиум,,
87,,impala,"Chevrolet
Impala 67",Declasse Implata,Магазин,магазин премиум,,
88,,focusrs,Ford Focus RS,Vapix Fox GS,Магазин,магазин премиум,,
89,,golf7r,"Volkswagen 
Golf R VII",BF Wolf 7S,Магазин,магазин премиум,,
90,,w210,"Mercedes-Benz 
w210","Benefactor E-Series
M210",Магазин,магазин премиум,,
91,,bmwe39,BMW E39 2003,Ubermacht 5-line A39,Магазин,магазин премиум,,
92,,camry2,Toyota Camry XV55,Karin Camria XW55,Магазин,магазин премиум,,
93,,s600,"Mercedes-Benz
W140 S600","Benefactor S-Series
M140",Магазин,магазин премиум,,
94,,bmwe38,BMW E38,"Ubermacht  
A38",Магазин,магазин премиум,,
95,,octavia18,Skoda Octavia RS,BF Olivia GS,Магазин,магазин премиум,,
96,,rio,KIA Rio,Bollokan Rio,Магазин,магазин премиум,,
97,,ae86,Toyota AE86,Karin Lewin,Магазин,магазин премиум,,
98,,bdivo,Bugatti Divo,Truffade Vivo,"Магазин, Коин",ДОНАТНЫЙ,,
99,,chiron19,Bugatti Chiron,Truffade Shiron,"Магазин, Коин",ДОНАТНЫЙ,,
100,,laferrari,Ferrari LaFerrari,Grotti LaGrotti,"Магазин, Коин",ДОНАТНЫЙ,,
101,,asvj,"Lamborghini
Aventador SVJ","Pegassi Avendore 
SVG","Магазин, Коин",ДОНАТНЫЙ,,
102,,mp1,MClaren Mp1,Progen E1,"Магазин, Коин",ДОНАТНЫЙ,,
103,,cullinan,"Rolls-Royce
Cullinan",Enus Callinon,"Магазин, Коин",ДОНАТНЫЙ,,
104,,g63amg6x6,"Mercedes-Benz
G AMG 6x6","Benefactor G-Series
M463 6x6","Магазин, Коин",ДОНАТНЫЙ,технические проблемы,
105,,urus,Lamdorhini Urus,Pegassi Ursus,"Магазин, Коин",ДОНАТНЫЙ,,
106,,huracan,"Lamdorhini 
Huracan
performante",Pegassi Hurricane,"Магазин, Коин",ДОНАТНЫЙ,технические проблемы,
107,,continental,"Bentley Continental
GT",Enus Mainland,"Магазин, Коин",ДОНАТНЫЙ,,
108,,pts21,Porsche 911 VII,Pfister 811,"Магазин, Коин",ДОНАТНЫЙ,,
109,,63gls2,"Mercedes-Benz
GLS 63 AMG II",Benefactor JLS Y166,"Магазин, Коин",ДОНАТНЫЙ,,
110,,ghost,Rolls-Royce Ghost,Enus Shade,"Магазин, Коин",ДОНАТНЫЙ,,
111,,g63,Mercedes-AMG G63,"Benefactor-ASG 
G-Series
M464","Магазин, Коин",ДОНАТНЫЙ,технические проблемы,
112,,s63cab,"Mercedes-Benz
S 63 Cabrio","Benefactor S-Series
B217","Магазин, Коин",ДОНАТНЫЙ,,
113,,m8gc,"BMW M8
GRAN COUPE",Ubermacht W8 GC,"Магазин, Коин",ДОНАТНЫЙ,,
114,,panamera17turbo,"Porsche Panamera
Turbo",Pfister Paramena,"Магазин, Коин",,,
115,,e63s,"Mercedes-AMG
E 63 S","Benefactor E-Series 
M213","Магазин, Коин",ДОНАТНЫЙ,технические проблемы,
116,,m5comp,"BMW M5 F90
Competition","Ubermacht
W5 H90 Contention","Магазин, Коин",ДОНАТНЫЙ,технические проблемы,
117,,e63s,"Mercedes-AMG
E 63 S",Benefactor E-Series M213,"Магазин, Коин",ДОНАТНЫЙ,технические проблемы,
118,,m5comp,"BMW M5 F90
Competition","Ubermacht
W5 H9 Contention","Магазин, Коин",ДОНАТНЫЙ,,
119,,ram,Dodge RAM,Bravado RUM 1500,"Магазин, Коин",ДОНАТНЫЙ,,
120,,c300,"Mercedes-Benz
 C300 AMG-Line",Benefactor C-Series M206,"Магазин, Коин",ДОНАТНЫЙ,,
121,,amggt,Mercedes-AMG GT,"Benefactor-ASG
GS R","Магазин, Коин",ДОНАТНЫЙ,,
122,,cls63s,"Mercedes-Benz
CLS63S",Benefactor ZLS S217,"Магазин, Коин",ДОНАТНЫЙ,,
123,,bentaygast,Bentley Bentayga,Enus Benteygo,"Магазин, Коин",ДОНАТНЫЙ,,
124,,718bs,"Porsche 718
Boxters S",Pfister 781 S Cabrio,"Магазин, Коин",ДОНАТНЫЙ,,
125,,brutale,MV Agusta Brutale,Pegassi Brutora,"Магазин, Коин",ДОНАТНЫЙ,,
126,,velar,"Range Rover
Velar",Gallivanter Velora,"Магазин, Коин",ДОНАТНЫЙ,,
127,,v4sp,"Ducati Panigale
V4 Speciale","Principe Ranigale 
V4 Speciale","Магазин, Коин",ДОНАТНЫЙ,,
128,,msprinter,"Mercedes-Benz
Sprinter",Benefactor Runner,"Магазин, Коин",ДОНАТНЫЙ,,
129,,nisgtr,"Nissan GT-R
R35",Annis GS-R M35,"Магазин, Коин",ДОНАТНЫЙ,,
130,,dsprinter,Dodge Sprinter,Bravado Runner,"Магазин, Коин",ДОНАТНЫЙ,,
131,,vclass,"Mercedes-Benz
V-Class",Benefactor V-Series Veto,"Магазин, Коин",ДОНАТНЫЙ,,
132,,mjc,"MINI Jhon
Cooper",Weeny Copper,"Магазин, Коин",ДОНАТНЫЙ,,
133,,samara,"LADA
ВАЗ - 2114",RUNE Samaro,"Магазин, Коин",ДОНАТНЫЙ,,
134,,priora,LADA Priora,RUNE Priora,"Магазин, Коин",ДОНАТНЫЙ,,
135,,urban,LADA Niva,RUNE Niwa,"Магазин, Коин",ДОНАТНЫЙ,,
136,,vesta,LADA Vesta,RUNE Westa,"Магазин, Коин",ДОНАТНЫЙ,,
137,,matiz,Daewoo Matiz,Weeny Maxiz,"Магазин, Коин",ДОНАТНЫЙ,технические проблемы,
138,,vaz2107,LADA 2107,RUNE V-07,"Магазин, Коин",ДОНАТНЫЙ,,
139,,vaz2109,"LADA
ВАЗ - 2109",RUNE V-09,"Магазин, Коин",ДОНАТНЫЙ,,
140,,wraithb,"Rolls-Royce
Wraith",Enus Veil,Магазин,магазин премиум,,
141,,hummer2,"GMC Hummer 
EV 4x4",Mammoth Hammer EV 4x4,Магазин,магазин премиум,,
142,,mustang4,,Vapid Steed HG,Магазин,магазин премиум,,
143,,xclass,"Mercedes-Benz
X-Class",Benefactor X-Series,"Премиум, Кейсы",кейсы,,
144,,bolide,Bugatti Bolide,Truffade Formula,"Премиум, Кейсы",кейсы,,
145,,essenza,"Lamborghini
Essenza SV12",Pegassi Ezensa,"Премиум, Кейсы",кейсы,,
146,,gclass4,"Mercedes-Benz
 G-Class W464 4x4","Benefactor G-Series 
M464 4x4","Премиум, Кейсы",кейсы,,
147,,veneno,"Lamborghini
Veneno",Pegassi Verano,Батл пасс,Батл пасс,,
148,,centenario,"Lamborghini
Centenario",Pegassi Centerio,Батл пасс,Батл пасс,,
149,,sf90,Ferrari SF90,Grotti SP90,Батл пасс,Батл пасс,,
150,,fordgt,"Ford Grand
Turismo",Vapid GS,Батл пасс,Батл пасс,,
151,,dawn,"Rolls-Royce
Dawn",Enus Veil Cabrio,Батл пасс,Батл пасс,,
152,,f40,Ferrari F40,Grotti P40,Батл пасс,Батл пасс,,
153,,m3e46,BMW M3 E46,Ubermacht W3 A46,Батл пасс,Батл пасс,,
154,,m4f82,BMW M4 F82,Ubermacht W4 H82,Батл пасс,Батл пасс,,
155,,z800,Kawasaki Z800,Nagasaki S800,Батл пасс,Батл пасс,,
156,,delorean,DeLorean DMC-12,Imponte DMS-12,Батл пасс,Батл пасс,,
157,,gtr50,Nissan GT-R R50,Annis GS-R50,Батл пасс,Батл пасс,,
158,,cayenne2,"Porsche Cayenne
GTS",Pfister Rayenne GS,Батл пасс,Батл пасс,,
159,,bacalar,"Bentley Mulliner
Bacalar",Enus Bakalar,Батл пасс,Батл пасс,,
160,,fxxk,Ferrari FXX-K,Grotti FSS-K,Батл пасс,Батл пасс,,
161,,aeroboat,"Rolls-Royce
Aeroboat V12",Enus Airboat V12,Батл пасс,Батл пасс,,
162,,terzo,"Lamborghini
Terzo Millennio",Pegassi Tenzo,Батл пасс,Батл пасс,,
163,,ec135,"Eurocopter
EC135
Gendarmerie",Buckingham EK135,Батл пасс,Батл пасс,,
164,,l650,Sea Ray L650 Fly,Buckingham M650,Батл пасс,Батл пасс,,
165,,xc90,Volvo XC90,Vulcar CX90,Батл пасс,Батл пасс,,
166,,m3g81,"BMW M3 G81
Touring",Ubermacht W3 J81 Touring,Батл пасс,Батл пасс,,
167,,slr,"Mercedes-Benz
300 SLR",Benefactor 300 CLR,Батл пасс,Батл пасс,,
168,,giulia,Alfa Romeo Giulia,Lampadati Jiulia,Батл пасс,Батл пасс,,
169,,diavel,Ducati Diavel,Principe Diawel,Батл пасс,Батл пасс,,
170,,cls2,"Mercedes-Benz
CLS C257",Benefactor ZLS S257,Батл пасс,Батл пасс,,
171,,ab2,"Range Rover
Autobiography L460",Gallivanter AB L460,Батл пасс,Батл пасс,,
172,,400z,Nissan Z,Annis 400X,Батл пасс,Батл пасс,,
173,,hummer3,"GMC Hummer
EV 6x6",Mammoth Hammer EV 6x6,Батл пасс,Батл пасс,,
174,,sclass4,"Mercedes-Benz
S-Class Z223","Benefactor S-Series
 M223 LWB",Батл пасс,Батл пасс,,
175,,mc20,Maserati MC20,Lampadati MS20,Батл пасс,Батл пасс,,
176,,rrphantom2,"Rolls-Royce
Phantom Limosine",Enus Phantasm Limo,Батл пасс,Батл пасс,,
177,,revuelto,"Lamborghini
Revuelto",Pegassi Rewuelto,Батл пасс,Батл пасс,,
178,,mistral,Bugatti Mistral,Truffade Wistral,Батл пасс,Батл пасс,,
179,,ec120,"Eurocopter
EC150 Colibri","Buckingham
EK120",Батл пасс,Батл пасс,,
180,,xclass2,"Mercedes-Benz
X-Class BF",Benefactor X-Monster,Батл пасс,Батл пасс,,
181,,daytona,"Ferrari Daytona
SP3",Grotti Timucua,Батл пасс,Батл пасс,,
182,,xk,Buckingham XK,Buckingham XK,Батл пасс,Батл пасс,,
183,,lanzador,"Lamborghini
Lanzador",Pegassi Brocca,Батл пасс,Батл пасс,,
184,,purosangue,Ferrari Purosangue,Grotti Primogenito,Батл пасс,Батл пасс,,
185,,dbx,Aston-Martin DBX,Dewbauchee DPX,Батл пасс,Батл пасс,,
186,,ram2,Dodge RAM TRX,Bravado RUM RTX,Батл пасс,Батл пасс,,
187,,ix,BMW IX,Ubermacht lY,Батл пасс,Батл пасс,,
188,,eclass4,"Mercedes-Benz
E-Class S214
Estate","Benefactor E-Series
 C214 Estate",Батл пасс,Батл пасс,,
189,,polestar,Polestar One,Vulcar Solarstar 1,Батл пасс,Батл пасс,,
190,,mustang3,Ford Mustang S650,Vapid Steed C650,Батл пасс,Батл пасс,,
191,,m2g42,BMW M2 G87,Ubermacht 2-line J42,Батл пасс,Батл пасс,,
192,,r66,Robinson R66,Buckingham FDR-66,Батл пасс,Батл пасс,,
193,,cc850,Koenigsegg CC850,Entity Selip-850,Батл пасс,Батл пасс,,
194,,amggt2,"Mercedes-AMG
GT C192",Benefactor-ASG GS S192,Батл пасс,Батл пасс,,
195,,evija,Lotus Evija,Ocelot Aevij,Батл пасс,Батл пасс,,
196,,cybertruck,Tesla Cybertruck,Coil Alt-Truck,Батл пасс,Батл пасс,,
197,,macan2,Porsche Macan EV,Pfister Mauer EV,Батл пасс,Батл пасс,,
198,,air,Lucid Air,Coil Jenks,Батл пасс,Батл пасс,,
199,,rrs,"Range Rover Sport
L461",Gallivanter Gover I461,Батл пасс,Батл пасс,,
200,,lfa,Lexus LFA,Emperor FLA,Батл пасс,Батл пасс,,
201,,5series2,BMW 5-Series G61,Ubermacht 5-line J61,Батл пасс,Батл пасс,,
202,,d8,Donkervoort D8 GTO,Burgerfahrzeug T8 GTR,Батл пасс,Батл пасс,,
203,,bronco,Ford Bronco U725,Vapid Frey,Батл пасс,Батл пасс,,
204,,civic2,Honda Civic FK1,Dinka Hiroshi KF1,Батл пасс,Батл пасс,,
205,,ah6,"MD Helicopters 
AH-6 Little Bird",Buckingham HA-6,Батл пасс,Батл пасс,,
206,,snowmobile,"BRP Ski-Doo 
Sammit Rev-XM",Speedophile Snowshark,Батл пасс,Батл пасс,,
207,,tourbillon,Bugatti Tourbillon,Truffade Heyl,Батл пасс,Батл пасс,,
208,,temerario,"Lamborghini 
Temerario",Pegassi Mitja,Батл пасс,Батл пасс,,
209,,spectre,"Rolls-Royce 
Spectre",Enus Rosenthal,Батл пасс,Батл пасс,,
210,,roma,Ferrari Roma,Grotti Manzoni,Батл пасс,Батл пасс,,
211,,etron2,Audi Q8 e-tron,Obey O8 I-tron,Батл пасс,Батл пасс,,
212,,cle,"Mercedes-Benz 
CLE C236",Benefactor ZLE S236,Батл пасс,Батл пасс,,
213,,ex90,Volvo EX90,Vulcar XE90,Батл пасс,Батл пасс,,
214,,glc,"Mercedes-Benz 
GLC C254",Benefactor JLC S254,Батл пасс,Батл пасс,,
215,,model3,Tesla Model 3,Coil Line 3,Батл пасс,Батл пасс,,
216,,350z,Nissan 350Z,Annis 350X,Батл пасс,Батл пасс,,
217,,hummer,GMC Hummer EV,Mammoth Hammer EV,Кейсы,кейсы,,
218,,xm,BMW XM,Ubermacht YW,Кейсы,кейсы,,
219,,diablo,"Lamborghini
Diablo",Pegassi Devil,Кейсы,кейсы,,
220,,missionr,Porsche Mission R,Pfister Messiah,Кейсы,кейсы,,
221,,noire,"Bugatti La Voiture
 Noire",Truffade Blanche,Кейсы,кейсы,,
222,,valour,Aston Martin Valour,Dewbauchee Malicious,Кейсы,кейсы,,
223,,batur,"Bentley Mulliner 
Batur",Enus Bangli,Кейсы,кейсы,,
224,,sls,Mercedes-AMG SLS,Benefactor-ASG ZLS,Кейсы,кейсы,,
225,,xts,"Cadillac XTS
 Royale",Cavalcade XDS Limo,Кейсы,кейсы,,
226,,silverado,"Chevrolet Silverado 
T1XX",Declasse Tylemo,Кейсы,кейсы,,
227,,ct5,Cadillac CT5,Cavalcade CD5,Кейсы,кейсы,,
228,,defender,"Land Rover 
Defender",Gallivanter Runaway,Кейсы,кейсы,,
229,,eclass5,"Mercedes-Benz
 E-Class W212",Benefactor E-Series M212,Кейсы,кейсы,,
230,,5series3,BMW 5-series F10,Ubermacht 5-Line P10,Кейсы,кейсы,,
231,,cclass2,"Mercedes-Benz 
C-Class W203",Benefactor C-Series M203,Кейсы,кейсы,,
232,,a4,Audi A4 B5,Obey V4,Кейсы,кейсы,,
233,,astra,Opel Astra J GTC,Bollokan Rose GT,Кейсы,кейсы,,
234,,rio2,KIA Rio QB,Bollokan Rino QP,Кейсы,кейсы,,
235,,db5,Aston Martin DB5,Dewbauchee DP5,Ивент,Ивент,,
236,,charger3,Dodge Charger FF,Bravado Changer FF,Ивент,Ивент,,
237,,modelt,Ford Model T,Vapid Line T,Ивент,Ивент,,
238,,regalia,Regalia,Quartz Regalia,Ивент,Ивент,,
239,,turbor,"Quadra Turbo-R 
V-Tech",Quadra Turbo-R V-Tech,Ивент,Ивент,,
240,,m12b,,AMG M12B Warthog,Ивент,Ивент,,
241,,firebird,,Imponte KITT,Ивент,Ивент,,
242,,wrangler,,Canis JW,Ивент,Ивент,,
243,,utopia,Pagani Utopia,Pegassi Paradise,Кейсы,кейсы,,
244,,regera,"Koenigsegg
Regera",Entity RG-R,Кейсы,кейсы,,
245,,corvette2,"Chevrolet
Corvette C8",Declasse Covetto S8,Кейсы,кейсы,,
246,,escalade2,"Cadillac Escalade
GM T1XL",Cavalcade Excalibur MG,Кейсы,кейсы,,
247,,aclass2,"Mercedes-Benz
A-Class W177",Benefactor A-Series M177,Кейсы,кейсы,,
248,,nsx2,Honda NSX NA1,Dinka NSY NI1,Кейсы,кейсы,,
249,,gtr32,"Nissan Skyline
GT-R R32",Annis GS-R M32,Кейсы,кейсы,,
250,,charger2,Dodge Charger,Bravado Changer,Кейсы,кейсы,,
251,,190e,"Mercedes-Benz 
190 E",Benefactor 910 E,Кейсы,кейсы,,
252,,yz450f,Yamaha YZ 450 F,Shitzu ZY 450,Кейсы,кейсы,,
253,,q60s,Infiniti Q60S,Fathom Q60C,Кейсы,кейсы,,
254,,s2000,Honda S2000,Dinka C-2000,Кейсы,кейсы,,
255,,carrera,"Porsche
Carrera 911",Pfister Carcio,Кейсы,кейсы,,
256,,senna,McLaren Senna,Progen Ayrton,Кейсы,кейсы,,
257,,emira,Lotus Emira,Ocelot Remir,Кейсы,кейсы,,
258,,f1502,"Ford F-150
Raptor 6x6",Vapid P-150 Predator 6X6,Кейсы,кейсы,,
259,,db11,"Aston Martin
DB11",Dewbauchee DP11,Кейсы,кейсы,,
260,,brz,Subaru BRZ,Karin BRS-86,Кейсы,кейсы,,
261,,k5,KIA K5,Bollokan K-FIVE,Кейсы,кейсы,,
262,,eclipse,"Mitsubishi
Eclipse D30",Maibatsu Sunrise,Кейсы,кейсы,,
263,,victoria,"Ford Crown
Victoria",Vapid Coronet V,Кейсы,кейсы,,
264,,tecnomar,"Lamborghini
Tecnomar",Pegassi Viareggio,Кейсы,кейсы,,
265,,speedtail,McLaren Speedtail,Progen Alex,Кейсы,кейсы,,
266,,invencible,"Lamborghini
Invencible",Pegassi Borkert,Кейсы,кейсы,,
267,,j50,Ferrari J50,Grotti Flaman,Кейсы,кейсы,,
268,,victoria2,"Ford Crown
Victoria GT",Vapid Coronet V GT,Кейсы,кейсы,,
269,,huracan2,"Lamborghini
Huracan Spyder","Pegassi
Hurricane Spyder",Кейсы,кейсы,технические проблемы,
270,,sl,"Mercedes-AMG
SL R232",Benefactor-ASG CL P232,Кейсы,кейсы,,
271,,bentayga2,Bentley Bentayga II,Enus Benteygo GT,Кейсы,кейсы,,
272,,db112,"Aston Martin
DB11 Volante",Dewbauchee DP11 Cabrio,Кейсы,кейсы,,
273,,lc500,Lexus LC 500,Emperor CL 500,Кейсы,кейсы,,
274,,panamera2,"Porsche Panamera
G2 Sport Turismo","Pfister Paramena
J2 Touring",Кейсы,ДОНАТНЫЙ,,
275,,eqs,"Mercedes-Benz 
EQS",Benefactor IQS,Кейсы,кейсы,,
276,,levante,Maserati Levante,Lampadati Turin,Кейсы,кейсы,,
277,,corvette3,"Chevrolet Corvette
 C1",Declasse Covetto S1,Кейсы,кейсы,,
278,,tt2,"Audi TT 8S
Roadster",Obey DD 8C Cabrio,Кейсы,кейсы,,
279,,i82,BMW i8 Roadster,Ubermacht E8 Roadster,Кейсы,кейсы,,
280,,countryman,MINI Countryman,Weeny Mich,Кейсы,кейсы,,
281,,hummer5,"GMC Hummer H1
 4x4",Mammoth Hammer 4x4,Кейсы,кейсы,,
282,,mx5,Mazda MX-5,Annis MZ-5,Кейсы,кейсы,,
283,,civic,Honda Civic EK6,Dinka Hiroshi EF1,Кейсы,кейсы,,
284,,golf2,Volkswagen Golf,BF Wolf,Кейсы,кейсы,,
285,,fury,Plymouth Fury,Imponte Calm,Кейсы,кейсы,,
286,,impala2,Chevrolet Impala,Declasse Implata,Кейсы,кейсы,,
287,,nevera,Rimac Nevera,Rimus 4-VR,Кейсы,кейсы,,
288,,su7,Xiaomi SU7,Lumi US7,Кейсы,кейсы,,
289,,testarossa,Ferrari Testarossa,Grotti Ottina,Кейсы,кейсы,,
290,,sportage,KIA Sportage NQ5,Bollokan Turboweek QN5,Кейсы,кейсы,,
291,,ev6,KIA EV6,Bollokan VE6,Кейсы,кейсы,,
292,,f7,Haval F7,Hebei V7,Кейсы,кейсы,,
293,,mazda3,Mazda 3 BM,Annis 3 MB,Кейсы,кейсы,,
294,,ml,Mercedes-Benz ML,Benefactor LM,Кейсы,кейсы,,
295,,rsx,Acura RSX,Dinka ASX,Кейсы,кейсы,,
296,,barracuda,Plymouth Barracuda,Imponte Herlitz,Кейсы,кейсы,,
297,,solaris,Hyundai Solaris,Bollokan Lunar,Кейсы,кейсы,,
298,,gnx,Buick GNX,Willard SNX,Кейсы,кейсы,,
299,,durango,Dodge Durango,Bravado Myles,Кейсы,кейсы,,
300,,a8,Audi A8,Obey V8,Кейсы,кейсы,,
301,,f8,Ferrari F8 Tributo,Grotti P8,Кейсы,кейсы,,
302,,idr,Volkswagen ID R,Burgerfahrzeug Norma,Кейсы,кейсы,,
303,,galant,Mitsubishi Galant,Maibatsu Shinichi,Премиум,премиум,,
304,,f1503,"F–150 
RANGER LARIAT",Vapid P-150,Премиум,премиум,,
305,,p928,Porsche 928,,Премиум,премиум,,
306,,a42,Audi 80 B4,Obey V4 P4,Премиум,премиум,,
307,,defender2,"Land Rover 
Defender",Gallivanter Runaway,Премиум,премиум,,
,,Brioso,,Grotti Brioso RA,,Автосалон 1,,
,,primo2,,Albany Primo Custom,,Автосалон 1,,
,,buffalo,,Bravado Buffalo,,Автосалон 1,,
,,schafter2,,Benefactor Schafter,,Автосалон 1,,
,,tailgater,,Obey Tailgater,,Автосалон 1,,
,,virgo2,,Dundreary Virgo Classic Custom,,Автосалон 1,,
,,slamvan3,,Vapid Slamvan Custom,,Автосалон 1,,
,,fusilade,,Schyster Fusilade,,Автосалон 1,,
,,buccaneer2,, Albany Buccaneer Custom,,Автосалон 1,,
,,chino2,,Vapid Chino Custom,,Автосалон 1,,
,,bjxl,,Karin BeeJay XL,,Автосалон 1,,
,,rocoto,,Obey Rocoto,,Автосалон 1,,
,,serrano,,Benefactor Serrano,,Автосалон 1,,
,,riata,,Vapid Riata,,Автосалон 1,,
,,previon,,Karin Previon,,Автосалон 1,,
,,yosemite3,,Declasse Yosemite Rancher,,Автосалон 1,,
,,fugitive,,Cheval Fugitive,,Автосалон 1,,
,,jackal,,Ocelot Jackal,,Автосалон 1,,
,,faction2,,Willard Faction Custom,,Автосалон 1,,
,,fq2,,Fathom FQ 2,,Автосалон 1,,
,,scout,,Vapid Scout,,Автосалон 1,,
,,sugoi,,Dinka Sugoi,,Автосалон 1,,
,,cheburek,,RUNE Cheburek,,Автосалон 1,,
,,sabregt2,,Declasse Sabre Turbo Custom,,Автосалон 1,,
,,mesa,,Canis Mesa,,Автосалон 1,,
,,rt3000,,Dinka RT3000,,Автосалон 1,,
,,landstalker2,,Dundreary Landstalker XL,,Автосалон 1,,
,,moonbeam2,,Declasse MoonBeam Custom,,Автосалон 1,,
,,schwarzer,,Benefactor Schwartzer,,Автосалон 1,,
,,deviant,,Schyster Deviant,,Автосалон 1,,
,,cavalcade2,,Albany Cavalcade,,Автосалон 1,,
,,granger,,Declasse Granger,,Автосалон 1,,
,,gresley,,Bravado Gresley,,Автосалон 1,,
,,landstalker,,Dundreary Landstalker,,Автосалон 1,,
,,nightshade,,Imponte Nightshade,,Автосалон 1,,
,,flashgt,,Vapid Flash GT,,Автосалон 1,,
,,freecrawler,,Canis Freecrawler,,Автосалон 1,,
,,oracle2,,Ubermacht Oracle,,Автосалон 1,,
,,sultan3,,Karin Sultan RS Classic,,Автосалон 1,,
,,elegy,,Annis Elegy Retro Custom,,Автосалон 1,,
,,gauntlet4,,Bravado Gauntlet Hellfire,,Автосалон 1,,
,,zionks,,Krieger Specials Zion CLassic,,Автосалон 1,,
,,sultan,,Karin Sultan,,Автосалон 1,,
,,dominator3,,Vapid Dominator GTX,,Автосалон 1,,
,,iwagen,,Obey I-Wagen,,Автосалон 1,,
,,sultan2,,Karin Sultan classic,,Автосалон 1,,
,,baller4,,Gallivanter Baller LE LWB,,Автосалон 1,,
,,jester3,,Dinka Jester Classic,,Автосалон 1,,
,,zr380c,,Annis ZR380 Custom,,Автосалон 1,,
,,jester5,,Dinka Jester Vanilla,,Автосалон 1,,
,,zr380s,,Annis ZR380,,Автосалон 1,,
,,sultanrs,,Karin Sultan RS,,Автосалон 1,,
,,virgo,,Albany Virgo,,Автосалон 2,,
,,Washington,,Albany Washington,,Автосалон 2,,
,,panto,,Benefactor Panto,,Автосалон 2,,
,,virgo3,,Dundreary Virgo classic,,Автосалон 2,,
,,brioso2,,Grotti Brioso 300,,Автосалон 2,,
,,kanjo,,Dinka Blista Kanjo,,Автосалон 2,,
,,chino,,Vapid Chino,,Автосалон 2,,
,,picador,,Cheval Picador,,Автосалон 2,,
,,warrener,,Vulcar Warrener,,Автосалон 2,,
,,club,,BF Club GTR,,Автосалон 2,,
,,weevil,,BF Weevil,,Автосалон 2,,
,,rebel2,,Karin Rebel,,Автосалон 2,,
,,prairie,,Bollokan Prairie,,Автосалон 2,,
,,blade,,Vapid Blade,,Автосалон 2,,
,,impaler,,Declasse Impaler,,Автосалон 2,,
,,faction,,Willard Faction,,Автосалон 2,,
,,phoenix,,Imponte Phoenix,,Автосалон 2,,
,,stalion,,Declasse Stallion,,Автосалон 2,,
,,rancherxl,,Declasse Rancher XL,,Автосалон 2,,
,,Warrener2,,Vulcar Warrener HKR,,Автосалон 2,,
,,seraph3,,Ubermacht Seraph XS,,Автосалон 2,,
,,clique,,Vapid Clique,,Автосалон 2,,
,,tampa,,Declasse Tampa,,Автосалон 2,,
,,Seminole,,Canis Seminole,,Автосалон 2,,
,,sentinel3,,Ubermacht Sentinel Classic,,Автосалон 2,,
,,buccaneer,,Albany Buccaneer,,Автосалон 2,,
,,gauntlet3,,Bravado Gauntlet Classic,,Автосалон 2,,
,,sabregt,,Declasse Sabre Turbo,,Автосалон 2,,
,,pigalle,,Lampadati Pigalle,,Автосалон 2,,
,,zion3,,Ubermacht Zion CLassic,,Автосалон 2,,
,,vamos,,Declasse Vamos,,Автосалон 2,,
,,gauntlet,,Bravado Gauntlet,,Автосалон 2,,
,,baller,,Gallivanter Baller,,Автосалон 2,,
,,seminole2,,Canis Seminole Frontier,,Автосалон 2,,
,,issi2,,Weeny Issi,,Автосалон 2,,
,,dukes,,Imponte Dukes,,Автосалон 2,,
,,dominator7,,Vapid Dominator ASP,,Автосалон 2,,
,,tampa2,,Declasse Drift Tampa,,Автосалон 2,,
,,oracle,,Ubermacht Oracle XS,,Автосалон 2,,
,,gauntlet5,,Bravado Gauntlet Classic Custom,,Автосалон 2,,
,,remus,,Annis Remus,,Автосалон 2,,
,,kamacho,,Canis Kamacho,,Автосалон 2,,
,,dominator,,Vapid Dominator,,Автосалон 2,,
,,calico,,Karin Calico GTF,,Автосалон 2,,
,,rapidgt3,,Dewbauchee Rapid GT classic,,Автосалон 2,,
,,savestra,,Annis Savestra,,Автосалон 2,,
,,cavalcade,,Albany Cavalcade,,Автосалон 2,,
,,patriot,,Mammoth Patriot,,Автосалон 2,,
,,pentro,,Maibatsu Penumbra Retro,,Автосалон 2,,
,,dominator8,,Vapid Dominator GTT,,Автосалон 2,,
,,sigma2,,Karin SigmaTwo,,Автосалон 2,,
,,ruiner,,Imponte Ruiner,,Автосалон 2,,
,,vigero,,Declasse Vigero,,Автосалон 2,,
,,penumbra2,,Maibatsu Penumbra FF,,Автосалон 2,,
,,pentro2,,Maibatsu Penumbra Retro RHD,,Автосалон 2,,
,,zr350,,Annis ZR350,,Автосалон 2,,
,,pentro3,,Maibatsu Penumbra Retro Spyder,,Автосалон 2,,
,,gb200,,Vapid GB200,,Автосалон 2,,
,,s230,,Annis S230,,Автосалон 2,,
,,vincent2,,Maibatsu Vincent Sport,,Автосалон 2,,
,,pentrogpr,,Maibatsu Penumbra Retro Custom,,Автосалон 2,,
,,pentrogpr2,,Maibatsu Penumbra Retro S-Custom,,Автосалон 2,,
,,zion,,Ubermacht Zion,,Автосалон 3,,
,,sentinel,,Ubermacht Sentinel XS,,Автосалон 3,,
,,sentinel2,,Ubermacht Sentinel,,Автосалон 3,,
,,zion2,,Ubermacht Zion Cabrio,,Автосалон 3,,
,,felon,,Lampadati Felon,,Автосалон 3,,
,,felon2,,Lampadati Felon GT,,Автосалон 3,,
,,baller2,,Gallivanter Baller,,Автосалон 3,,
,,xls,,Benefactor XLS,,Автосалон 3,,
,,cogcabrio,,Enus Cognoscenti Cabrio,,Автосалон 3,,
,,baller3,,Gallivanter Baller LE,,Автосалон 3,,
,,dubsta,,Benefactor Dubsta,,Автосалон 3,,
,,huntley,,Enus Huntley S,,Автосалон 3,,
,,cognoscenti,,Enus Cognoscenti,,Автосалон 3,,
,,baller7,,Gallivanter Baller ST,,Автосалон 3,,
,,f620,,Ocelot F620,,Автосалон 3,,
,,buffalo2,,Bravado Buffalo S,,Автосалон 3,,
,,buffalo4,,Bravado Buffalo STX,,Автосалон 3,,
,,banshee,,Bravado Banshee,,Автосалон 3,,
,,cog55,,Enus Cognoscenti 55,,Автосалон 3,,
,,alpha,,Albany Alpha,,Автосалон 3,,
,,granger2,,Declasse Granger 3600LX,,Автосалон 3,,
,,voltic,,Coil Voltic,,Автосалон 3,,
,,comet2,,Pfister Comet,,Автосалон 3,,
,,dubsta2,,Benefactor Dubsta,,Автосалон 3,,
,,tailgater2,,Obey Tailgater S,,Автосалон 3,,
,,elegy2,,Annis Elegy RH8,,Автосалон 3,,
,,euros,,Annis Eurus,,Автосалон 3,,
,,surano,,Benefactor Surano,,Автосалон 3,,
,,schafter3,,Benefactor Schafter V12,,Автосалон 3,,
,,jester4,,Dinka Jester RR,,Автосалон 3,,
,,feltzer2,,Benefactor Feltzer,,Автосалон 3,,
,,rebla,,Ubermarcht Rebla GTS,,Автосалон 3,,
,,raiden,,Coil Raiden,,Автосалон 3,,
,,ninef2,,Obey 9F Cabrio,,Автосалон 3,,
,,ninef,,Obey 9F,,Автосалон 3,,
,,lynx,,Ocelot Lynx,,Автосалон 3,,
,,jackgpr,,Ocelot Jackal Custom,,Автосалон 3,,
,,schafter4,,Benefactor Schafter LWB,,Автосалон 3,,
,,vectre,,Emperor Vectre,,Автосалон 3,,
,,cypher,,Cypher,,Автосалон 3,,
,,furoregt,,Lampadati Furore GT,,Автосалон 3,,
,,specter,,Dewbauchee Specter,,Автосалон 3,,
,,khamelion,,Hijak Khamelion,,Автосалон 3,,
,,drafter,,Obey 8F Drafter,,Автосалон 3,,
,,revolter,,Ubermarcht Revolter,,Автосалон 3,,
,,vstr,,Albany V-STR,,Автосалон 3,,
,,specter2,,Dewbauchee Specter Custom,,Автосалон 3,,
,,komoda,,Lampadati Komoda,,Автосалон 3,,
,,cinquemila,,Lampadati Cinquemila,,Автосалон 3,,
,,comet5,,Pfister Comet SR,,Автосалон 3,,
,,astron,,Pfister Astron,,Автосалон 3,,
,,blista2,,Dinka Blista Compact,,Автосалон 4,,
,,emperor2,,Albany Emperor Rusty,,Автосалон 4,,
,,stratum,,Zirconium Stratum,,Автосалон 4,,
,,dilettante,,Karin Dilettante,,Автосалон 4,,
,,emperor,,Albany Emperor,,Автосалон 4,,
,,journey,,Zirconium Journey,,Автосалон 4,,
,,tulip,,Declasse Tulip,,Автосалон 4,,
,,asbo,,Maxwell Asbo,,Автосалон 4,,
,,tornado4,,Declasse Tornado Cabrio,,Автосалон 4,,
,,tornado,,Declasse Tornado,,Автосалон 4,,
,,regina,,Dundreary Regina,,Автосалон 4,,
,,tornado3,,Declasse Tornado Rust,,Автосалон 4,,
,,premier,,Declasse Premier,,Автосалон 4,,
,,primo,,Albany Primo,,Автосалон 4,,
,,michelli,,Lampadati Michelli GT,,Автосалон 4,,
,,blista,,Dinka Blista,,Автосалон 4,,
,,surge,,Cheval Surge,,Автосалон 4,,
,,veto,,Dinka Veto Classic,,Автосалон 4,,
,,voodoo,,Declasse Voodoo Custom,,Автосалон 4,,
,,bfinjection,,BF Injection,,Автосалон 4,,
,,asea,,Declasse Asea,,Автосалон 4,,
,,rebel,,Karin Rusty Rebel,,Автосалон 4,,
,,glendale,,Benefactor Glendale,,Автосалон 4,,
,,dynasty,,Weeny Dynasty,,Автосалон 4,,
,,ingot,,Vulcar Ingot,,Автосалон 4,,
,,nebula,,Vulcar Nebula Turbo,,Автосалон 4,,
,,retinue,,Vapid Retinue,,Автосалон 4,,
,,veto2,,Dinka Veto Modern,,Автосалон 4,,
,,manana2,,Albany Manana Custom,,Автосалон 4,,
,,peyote,,Vapid Peyote,,Автосалон 4,,
,,peyote3,,Vapid Peyote Custom,,Автосалон 4,,
,,rhapsody,,Declasse Rhapsody,,Автосалон 4,,
,,club,,BF Club,,Автосалон 4,,
,,asterope,,Karin Asterope,,Автосалон 4,,
,,intruder,,Karin Intruder,,Автосалон 4,,
,,stanier,,Vapid Stanier,,Автосалон 4,,
,,manana,,Albany Manana,,Автосалон 4,,
,,hermes,,Albany Hermes,,Автосалон 4,,
,,futo,,Karin Futo,,Автосалон 4,,
,,glendale2,,Benefactor Glendale Custom,,Автосалон 4,,
,,schwartzerc,,Benefactor Schwartzer Classic,,Автосалон 4,,
,,futo2,,Karin Futo GTX,,Автосалон 4,,
,,dukes3,,Imponte Beater Dures,,Автосалон 4,,
,,youga2,,Bravado Youga Classic,,Автосалон 6,,
,,bobcatxl,,Vapid Bobcat XL,,Автосалон 6,,
,,youga,,Bravado Youga,,Автосалон 6,,
,,moonbeam,,Declasse Moonbeam,,Автосалон 6,,
,,youga3,,Bravado Youga Classic 4x4,,Автосалон 6,,
,,sadler,,Vapid Sadler,,Автосалон 6,,
,,burrito,,Declasse Burrito,,Автосалон 6,,
,,bison,,Bravado Bison,,Автосалон 6,,
,,sandking2,,Vapid Sandking SWB,,Автосалон 6,,
,,caracara2,,Vapid Caracara 4x4,,Автосалон 6,,
,,sandking,,Vapid Sandking XL,,Автосалон 6,,
,,mule,,Maibatsu Mule,,Автосалон 6,,
,,hellion,,Annis Hellion,,Автосалон 6,,
,,yosemiteswb,,Declasse Yosemite SWB,,Автосалон 6,,
,,everon,,Karin Everon,,Автосалон 6,,
,,contender,,Vapid Contender,,Автосалон 6,,
,,bison4,,Bravado Bison 4,,Автосалон 6,,
,,hellion2,,Annis Hellion XL,,Автосалон 6,,
,,pounder,,MTL Pounder,,Автосалон 6,,
,,pounder3,,MTL Flatbed,,Автосалон 6,,
,,benson,,Vapid Benson,,Автосалон 6,,
,,nspeedo,,Vapid Speedo Express,,Автосалон 6,,
,,exemplar,,Dewbauchee Exemplar,,Автосалон 5,,
,,novak,,Lampadati Novak,,Автосалон 5,,
,,rapidgt2,,Dewbachee Rapid GT Cabrio,,Автосалон 5,,
,,rapidgt,,Dewbachee Rapid GT,,Автосалон 5,,
,,bestiagts,,Grotti Bestia GTS,,Автосалон 5,,
,,bullet,,Vapid Bullet,,Автосалон 5,,
,,infernus,,Pegassi Infernus,,Автосалон 5,,
,,Windsor,,Enus Windsor,,Автосалон 5,,
,,Stafford,,Enus Stafford,,Автосалон 5,,
,,carbonizzare,,Grotti Carbonizzare,,Автосалон 5,,
,,massacro,,Dewbauchee Massacro,,Автосалон 5,,
,,massacro2,,Dewbauchee Massacro Racecar,,Автосалон 5,,
,,growler,,Pfister Growler,,Автосалон 5,,
,,Vacca,,Pegassi Vacca,,Автосалон 5,,
,,comet6,,Pfister Comet S2,,Автосалон 5,,
,,Osiris,,Pegassi Osiris,,Автосалон 5,,
,,windsor2,,Enus Windsor Drop,,Автосалон 5,,
,,superd,,Enus Super Diamond,,Автосалон 5,,
,,jester,,Dinka Jester,,Автосалон 5,,
,,deity,,Enus Deity,,Автосалон 5,,
,,cyclone,,Coil Cyclone,,Автосалон 5,,
,,gp1,,Progen GP1,,Автосалон 5,,
,,jester2,,Dinka Jester Racecar,,Автосалон 5,,
,,jugular,,Ocelot Jugular,,Автосалон 5,,
,,neon,,Pfister Neon,,Автосалон 5,,
,,seven70,,Dewbauchee Seven-70,,Автосалон 5,,
,,coquette4,,Invetero Coquette D10,,Автосалон 5,,
,,cheetah,,Grotti Cheetah,,Автосалон 5,,
,,tigon,,Lampadati Tigon,,Автосалон 5,,
,,comet7,,Pfister Comet S2 Cabrio,,Автосалон 5,,
,,champion,,Dewbauchee Champion,,Автосалон 5,,
,,Jubilee,,Enus Jubilee,,Автосалон 5,,
,,coquette,,Invetero Coquette,,Автосалон 5,,
,,schlagen,,Benefactor Schlagen GT,,Автосалон 5,,
,,adder,,Truffade Adder,,Автосалон 5,,
,,tyrus,,Progen Tyrus,,Автосалон 5,,
,,zorrusso,,Pegassi Zorrusso,,Автосалон 5,,
,,ignus,,Pegassi Ignus,,Автосалон 5,,
,,zeno,,Overflod Zeno,,Автосалон 5,,
,,neo,,Vysser Neo,,Автосалон 5,,
,,pariah,,Ocelot Pariah,,,,
,,autarch,,Overflod Autarch,,Автосалон 5,,
,,pfister811,,Pfister 811,,Автосалон 5,,
,,tempesta,,Pegassi Tempesta,,Автосалон 5,,
,,turismor,,Grotti Turismo R,,Автосалон 5,,
,,xa21,,Ocelot XA21,,Автосалон 5,,
,,emerus,,Progen Emerus,,Автосалон 5,,
,,paragon,,Enus Paragon R,,Автосалон 5,,
,,t20,,Progen T20,,Автосалон 5,,
,,furia,,Grotti Furia,,Автосалон 5,,
,,tyrant,,Overflod Tyrant,,Автосалон 5,,
,,visione,,Grotti Visione,,Автосалон 5,,
,,toros,,Pegassi Toros,,Автосалон 5,,
,,nero,,Truffade Nero,,Автосалон 5,,
,,italigto,,Grotti Itali GTO,,Автосалон 5,,
,,thrax,,Truffade Thrax,,Автосалон 5,,
,,italirsx,,Grotti Itali RSX,,Автосалон 5,,
,,Brioso,,Grotti Brioso RA,,Автосалон 1,
,,primo2,,Albany Primo Custom,,Автосалон 1,
,,buffalo,,Bravado Buffalo,,Автосалон 1,
,,schafter2,,Benefactor Schafter,,Автосалон 1,
,,tailgater,,Obey Tailgater,,Автосалон 1,
,,virgo2,,Dundreary Virgo Classic Custom,,Автосалон 1,
,,slamvan3,,Vapid Slamvan Custom,,Автосалон 1,
,,fusilade,,Schyster Fusilade,,Автосалон 1,
,,buccaneer2,, Albany Buccaneer Custom,,Автосалон 1,
,,chino2,,Vapid Chino Custom,,Автосалон 1,
,,bjxl,,Karin BeeJay XL,,Автосалон 1,
,,rocoto,,Obey Rocoto,,Автосалон 1,
,,serrano,,Benefactor Serrano,,Автосалон 1,
,,riata,,Vapid Riata,,Автосалон 1,
,,previon,,Karin Previon,,Автосалон 1,
,,yosemite3,,Declasse Yosemite Rancher,,Автосалон 1,
,,fugitive,,Cheval Fugitive,,Автосалон 1,
,,jackal,,Ocelot Jackal,,Автосалон 1,
,,faction2,,Willard Faction Custom,,Автосалон 1,
,,fq2,,Fathom FQ 2,,Автосалон 1,
,,scout,,Vapid Scout,,Автосалон 1,
,,sugoi,,Dinka Sugoi,,Автосалон 1,
,,cheburek,,RUNE Cheburek,,Автосалон 1,
,,sabregt2,,Declasse Sabre Turbo Custom,,Автосалон 1,
,,mesa,,Canis Mesa,,Автосалон 1,
,,rt3000,,Dinka RT3000,,Автосалон 1,
,,landstalker2,,Dundreary Landstalker XL,,Автосалон 1,
,,moonbeam2,,Declasse MoonBeam Custom,,Автосалон 1,
,,schwarzer,,Benefactor Schwartzer,,Автосалон 1,
,,deviant,,Schyster Deviant,,Автосалон 1,
,,cavalcade2,,Albany Cavalcade,,Автосалон 1,
,,granger,,Declasse Granger,,Автосалон 1,
,,gresley,,Bravado Gresley,,Автосалон 1,
,,landstalker,,Dundreary Landstalker,,Автосалон 1,
,,nightshade,,Imponte Nightshade,,Автосалон 1,
,,flashgt,,Vapid Flash GT,,Автосалон 1,
,,freecrawler,,Canis Freecrawler,,Автосалон 1,
,,oracle2,,Ubermacht Oracle,,Автосалон 1,
,,sultan3,,Karin Sultan RS Classic,,Автосалон 1,
,,elegy,,Annis Elegy Retro Custom,,Автосалон 1,
,,gauntlet4,,Bravado Gauntlet Hellfire,,Автосалон 1,
,,zionks,,Krieger Specials Zion CLassic,,Автосалон 1,
,,sultan,,Karin Sultan,,Автосалон 1,
,,dominator3,,Vapid Dominator GTX,,Автосалон 1,
,,iwagen,,Obey I-Wagen,,Автосалон 1,
,,sultan2,,Karin Sultan classic,,Автосалон 1,
,,baller4,,Gallivanter Baller LE LWB,,Автосалон 1,
,,jester3,,Dinka Jester Classic,,Автосалон 1,
,,zr380c,,Annis ZR380 Custom,,Автосалон 1,
,,jester5,,Dinka Jester Vanilla,,Автосалон 1,
,,zr380s,,Annis ZR380,,Автосалон 1,
,,sultanrs,,Karin Sultan RS,,Автосалон 1,
,,virgo,,Albany Virgo,,Автосалон 2,
,,Washington,,Albany Washington,,Автосалон 2,
,,panto,,Benefactor Panto,,Автосалон 2,
,,virgo3,,Dundreary Virgo classic,,Автосалон 2,
,,brioso2,,Grotti Brioso 300,,Автосалон 2,
,,kanjo,,Dinka Blista Kanjo,,Автосалон 2,
,,chino,,Vapid Chino,,Автосалон 2,
,,picador,,Cheval Picador,,Автосалон 2,
,,warrener,,Vulcar Warrener,,Автосалон 2,
,,club,,BF Club GTR,,Автосалон 2,
,,weevil,,BF Weevil,,Автосалон 2,
,,rebel2,,Karin Rebel,,Автосалон 2,
,,prairie,,Bollokan Prairie,,Автосалон 2,
,,blade,,Vapid Blade,,Автосалон 2,
,,impaler,,Declasse Impaler,,Автосалон 2,
,,faction,,Willard Faction,,Автосалон 2,
,,phoenix,,Imponte Phoenix,,Автосалон 2,
,,stalion,,Declasse Stallion,,Автосалон 2,
,,rancherxl,,Declasse Rancher XL,,Автосалон 2,
,,Warrener2,,Vulcar Warrener HKR,,Автосалон 2,
,,seraph3,,Ubermacht Seraph XS,,Автосалон 2,
,,clique,,Vapid Clique,,Автосалон 2,
,,tampa,,Declasse Tampa,,Автосалон 2,
,,Seminole,,Canis Seminole,,Автосалон 2,
,,sentinel3,,Ubermacht Sentinel Classic,,Автосалон 2,
,,buccaneer,,Albany Buccaneer,,Автосалон 2,
,,gauntlet3,,Bravado Gauntlet Classic,,Автосалон 2,
,,sabregt,,Declasse Sabre Turbo,,Автосалон 2,
,,pigalle,,Lampadati Pigalle,,Автосалон 2,
,,zion3,,Ubermacht Zion CLassic,,Автосалон 2,
,,vamos,,Declasse Vamos,,Автосалон 2,
,,gauntlet,,Bravado Gauntlet,,Автосалон 2,
,,baller,,Gallivanter Baller,,Автосалон 2,
,,seminole2,,Canis Seminole Frontier,,Автосалон 2,
,,issi2,,Weeny Issi,,Автосалон 2,
,,dukes,,Imponte Dukes,,Автосалон 2,
,,dominator7,,Vapid Dominator ASP,,Автосалон 2,
,,tampa2,,Declasse Drift Tampa,,Автосалон 2,
,,oracle,,Ubermacht Oracle XS,,Автосалон 2,
,,gauntlet5,,Bravado Gauntlet Classic Custom,,Автосалон 2,
,,remus,,Annis Remus,,Автосалон 2,
,,kamacho,,Canis Kamacho,,Автосалон 2,
,,dominator,,Vapid Dominator,,Автосалон 2,
,,calico,,Karin Calico GTF,,Автосалон 2,
,,rapidgt3,,Dewbauchee Rapid GT classic,,Автосалон 2,
,,savestra,,Annis Savestra,,Автосалон 2,
,,cavalcade,,Albany Cavalcade,,Автосалон 2,
,,patriot,,Mammoth Patriot,,Автосалон 2,
,,pentro,,Maibatsu Penumbra Retro,,Автосалон 2,
,,dominator8,,Vapid Dominator GTT,,Автосалон 2,
,,sigma2,,Karin SigmaTwo,,Автосалон 2,
,,ruiner,,Imponte Ruiner,,Автосалон 2,
,,vigero,,Declasse Vigero,,Автосалон 2,
,,penumbra2,,Maibatsu Penumbra FF,,Автосалон 2,
,,pentro2,,Maibatsu Penumbra Retro RHD,,Автосалон 2,
,,zr350,,Annis ZR350,,Автосалон 2,
,,pentro3,,Maibatsu Penumbra Retro Spyder,,Автосалон 2,
,,gb200,,Vapid GB200,,Автосалон 2,
,,s230,,Annis S230,,Автосалон 2,
,,vincent2,,Maibatsu Vincent Sport,,Автосалон 2,
,,pentrogpr,,Maibatsu Penumbra Retro Custom,,Автосалон 2,
,,pentrogpr2,,Maibatsu Penumbra Retro S-Custom,,Автосалон 2,
,,zion,,Ubermacht Zion,,Автосалон 3,
,,sentinel,,Ubermacht Sentinel XS,,Автосалон 3,
,,sentinel2,,Ubermacht Sentinel,,Автосалон 3,
,,zion2,,Ubermacht Zion Cabrio,,Автосалон 3,
,,felon,,Lampadati Felon,,Автосалон 3,
,,felon2,,Lampadati Felon GT,,Автосалон 3,
,,baller2,,Gallivanter Baller,,Автосалон 3,
,,xls,,Benefactor XLS,,Автосалон 3,
,,cogcabrio,,Enus Cognoscenti Cabrio,,Автосалон 3,
,,baller3,,Gallivanter Baller LE,,Автосалон 3,
,,dubsta,,Benefactor Dubsta,,Автосалон 3,
,,huntley,,Enus Huntley S,,Автосалон 3,
,,cognoscenti,,Enus Cognoscenti,,Автосалон 3,
,,baller7,,Gallivanter Baller ST,,Автосалон 3,
,,f620,,Ocelot F620,,Автосалон 3,
,,buffalo2,,Bravado Buffalo S,,Автосалон 3,
,,buffalo4,,Bravado Buffalo STX,,Автосалон 3,
,,banshee,,Bravado Banshee,,Автосалон 3,
,,cog55,,Enus Cognoscenti 55,,Автосалон 3,
,,alpha,,Albany Alpha,,Автосалон 3,
,,granger2,,Declasse Granger 3600LX,,Автосалон 3,
,,voltic,,Coil Voltic,,Автосалон 3,
,,comet2,,Pfister Comet,,Автосалон 3,
,,dubsta2,,Benefactor Dubsta,,Автосалон 3,
,,tailgater2,,Obey Tailgater S,,Автосалон 3,
,,elegy2,,Annis Elegy RH8,,Автосалон 3,
,,euros,,Annis Eurus,,Автосалон 3,
,,surano,,Benefactor Surano,,Автосалон 3,
,,schafter3,,Benefactor Schafter V12,,Автосалон 3,
,,jester4,,Dinka Jester RR,,Автосалон 3,
,,feltzer2,,Benefactor Feltzer,,Автосалон 3,
,,rebla,,Ubermarcht Rebla GTS,,Автосалон 3,
,,raiden,,Coil Raiden,,Автосалон 3,
,,ninef2,,Obey 9F Cabrio,,Автосалон 3,
,,ninef,,Obey 9F,,Автосалон 3,
,,lynx,,Ocelot Lynx,,Автосалон 3,
,,jackgpr,,Ocelot Jackal Custom,,Автосалон 3,
,,schafter4,,Benefactor Schafter LWB,,Автосалон 3,
,,vectre,,Emperor Vectre,,Автосалон 3,
,,cypher,,Cypher,,Автосалон 3,
,,furoregt,,Lampadati Furore GT,,Автосалон 3,
,,specter,,Dewbauchee Specter,,Автосалон 3,
,,khamelion,,Hijak Khamelion,,Автосалон 3,
,,drafter,,Obey 8F Drafter,,Автосалон 3,
,,revolter,,Ubermarcht Revolter,,Автосалон 3,
,,vstr,,Albany V-STR,,Автосалон 3,
,,specter2,,Dewbauchee Specter Custom,,Автосалон 3,
,,komoda,,Lampadati Komoda,,Автосалон 3,
,,cinquemila,,Lampadati Cinquemila,,Автосалон 3,
,,comet5,,Pfister Comet SR,,Автосалон 3,
,,astron,,Pfister Astron,,Автосалон 3,
,,blista2,,Dinka Blista Compact,,Автосалон 4,
,,emperor2,,Albany Emperor Rusty,,Автосалон 4,
,,stratum,,Zirconium Stratum,,Автосалон 4,
,,dilettante,,Karin Dilettante,,Автосалон 4,
,,emperor,,Albany Emperor,,Автосалон 4,
,,journey,,Zirconium Journey,,Автосалон 4,
,,tulip,,Declasse Tulip,,Автосалон 4,
,,asbo,,Maxwell Asbo,,Автосалон 4,
,,tornado4,,Declasse Tornado Cabrio,,Автосалон 4,
,,tornado,,Declasse Tornado,,Автосалон 4,
,,regina,,Dundreary Regina,,Автосалон 4,
,,tornado3,,Declasse Tornado Rust,,Автосалон 4,
,,premier,,Declasse Premier,,Автосалон 4,
,,primo,,Albany Primo,,Автосалон 4,
,,michelli,,Lampadati Michelli GT,,Автосалон 4,
,,blista,,Dinka Blista,,Автосалон 4,
,,surge,,Cheval Surge,,Автосалон 4,
,,veto,,Dinka Veto Classic,,Автосалон 4,
,,voodoo,,Declasse Voodoo Custom,,Автосалон 4,
,,bfinjection,,BF Injection,,Автосалон 4,
,,asea,,Declasse Asea,,Автосалон 4,
,,rebel,,Karin Rusty Rebel,,Автосалон 4,
,,glendale,,Benefactor Glendale,,Автосалон 4,
,,dynasty,,Weeny Dynasty,,Автосалон 4,
,,ingot,,Vulcar Ingot,,Автосалон 4,
,,nebula,,Vulcar Nebula Turbo,,Автосалон 4,
,,retinue,,Vapid Retinue,,Автосалон 4,
,,veto2,,Dinka Veto Modern,,Автосалон 4,
,,manana2,,Albany Manana Custom,,Автосалон 4,
,,peyote,,Vapid Peyote,,Автосалон 4,
,,peyote3,,Vapid Peyote Custom,,Автосалон 4,
,,rhapsody,,Declasse Rhapsody,,Автосалон 4,
,,club,,BF Club,,Автосалон 4,
,,asterope,,Karin Asterope,,Автосалон 4,
,,intruder,,Karin Intruder,,Автосалон 4,
,,stanier,,Vapid Stanier,,Автосалон 4,
,,manana,,Albany Manana,,Автосалон 4,
,,hermes,,Albany Hermes,,Автосалон 4,
,,futo,,Karin Futo,,Автосалон 4,
,,glendale2,,Benefactor Glendale Custom,,Автосалон 4,
,,schwartzerc,,Benefactor Schwartzer Classic,,Автосалон 4,
,,futo2,,Karin Futo GTX,,Автосалон 4,
,,dukes3,,Imponte Beater Dures,,Автосалон 4,
,,youga2,,Bravado Youga Classic,,Автосалон 6,
,,bobcatxl,,Vapid Bobcat XL,,Автосалон 6,
,,youga,,Bravado Youga,,Автосалон 6,
,,moonbeam,,Declasse Moonbeam,,Автосалон 6,
,,youga3,,Bravado Youga Classic 4x4,,Автосалон 6,
,,sadler,,Vapid Sadler,,Автосалон 6,
,,burrito,,Declasse Burrito,,Автосалон 6,
,,bison,,Bravado Bison,,Автосалон 6,
,,sandking2,,Vapid Sandking SWB,,Автосалон 6,
,,caracara2,,Vapid Caracara 4x4,,Автосалон 6,
,,sandking,,Vapid Sandking XL,,Автосалон 6,
,,mule,,Maibatsu Mule,,Автосалон 6,
,,hellion,,Annis Hellion,,Автосалон 6,
,,yosemiteswb,,Declasse Yosemite SWB,,Автосалон 6,
,,everon,,Karin Everon,,Автосалон 6,
,,contender,,Vapid Contender,,Автосалон 6,
,,bison4,,Bravado Bison 4,,Автосалон 6,
,,hellion2,,Annis Hellion XL,,Автосалон 6,
,,pounder,,MTL Pounder,,Автосалон 6,
,,pounder3,,MTL Flatbed,,Автосалон 6,
,,benson,,Vapid Benson,,Автосалон 6,
,,nspeedo,,Vapid Speedo Express,,Автосалон 6,
,,exemplar,,Dewbauchee Exemplar,,Автосалон 5,
,,novak,,Lampadati Novak,,Автосалон 5,
,,rapidgt2,,Dewbachee Rapid GT Cabrio,,Автосалон 5,
,,rapidgt,,Dewbachee Rapid GT,,Автосалон 5,
,,bestiagts,,Grotti Bestia GTS,,Автосалон 5,
,,bullet,,Vapid Bullet,,Автосалон 5,
,,infernus,,Pegassi Infernus,,Автосалон 5,
,,Windsor,,Enus Windsor,,Автосалон 5,
,,Stafford,,Enus Stafford,,Автосалон 5,
,,carbonizzare,,Grotti Carbonizzare,,Автосалон 5,
,,massacro,,Dewbauchee Massacro,,Автосалон 5,
,,massacro2,,Dewbauchee Massacro Racecar,,Автосалон 5,
,,growler,,Pfister Growler,,Автосалон 5,
,,Vacca,,Pegassi Vacca,,Автосалон 5,
,,comet6,,Pfister Comet S2,,Автосалон 5,
,,Osiris,,Pegassi Osiris,,Автосалон 5,
,,windsor2,,Enus Windsor Drop,,Автосалон 5,
,,superd,,Enus Super Diamond,,Автосалон 5,
,,jester,,Dinka Jester,,Автосалон 5,
,,deity,,Enus Deity,,Автосалон 5,
,,cyclone,,Coil Cyclone,,Автосалон 5,
,,gp1,,Progen GP1,,Автосалон 5,
,,jester2,,Dinka Jester Racecar,,Автосалон 5,
,,jugular,,Ocelot Jugular,,Автосалон 5,
,,neon,,Pfister Neon,,Автосалон 5,
,,seven70,,Dewbauchee Seven-70,,Автосалон 5,
,,coquette4,,Invetero Coquette D10,,Автосалон 5,
,,cheetah,,Grotti Cheetah,,Автосалон 5,
,,tigon,,Lampadati Tigon,,Автосалон 5,
,,comet7,,Pfister Comet S2 Cabrio,,Автосалон 5,
,,champion,,Dewbauchee Champion,,Автосалон 5,
,,Jubilee,,Enus Jubilee,,Автосалон 5,
,,coquette,,Invetero Coquette,,Автосалон 5,
,,schlagen,,Benefactor Schlagen GT,,Автосалон 5,
,,adder,,Truffade Adder,,Автосалон 5,
,,tyrus,,Progen Tyrus,,Автосалон 5,
,,zorrusso,,Pegassi Zorrusso,,Автосалон 5,
,,ignus,,Pegassi Ignus,,Автосалон 5,
,,zeno,,Overflod Zeno,,Автосалон 5,
,,neo,,Vysser Neo,,Автосалон 5,
,,pariah,,Ocelot Pariah,,,
,,autarch,,Overflod Autarch,,Автосалон 5,
,,pfister811,,Pfister 811,,Автосалон 5,
,,tempesta,,Pegassi Tempesta,,Автосалон 5,
,,turismor,,Grotti Turismo R,,Автосалон 5,
,,xa21,,Ocelot XA21,,Автосалон 5,
,,emerus,,Progen Emerus,,Автосалон 5,
,,paragon,,Enus Paragon R,,Автосалон 5,
,,t20,,Progen T20,,Автосалон 5,
,,furia,,Grotti Furia,,Автосалон 5,
,,tyrant,,Overflod Tyrant,,Автосалон 5,
,,visione,,Grotti Visione,,Автосалон 5,
,,toros,,Pegassi Toros,,Автосалон 5,
,,nero,,Truffade Nero,,Автосалон 5,
,,italigto,,Grotti Itali GTO,,Автосалон 5,
,,thrax,,Truffade Thrax,,Автосалон 5,
,,italirsx,,Grotti Itali RSX,,Автосалон 5,

